run_id,source_robot,target_robot,seed,status
ft_go1_to_go2_seed01,go1,go2,1,ok,/workspace/vintix_go2/ppo_cross_robot_ft_20260517/runs/ft_go1_to_go2_seed01,/workspace/vintix_go2/ppo_cross_robot_ft_20260517/curves/ft_go1_to_go2_seed01.csv
ft_go1_to_go2_seed02,go1,go2,2,ok,/workspace/vintix_go2/ppo_cross_robot_ft_20260517/runs/ft_go1_to_go2_seed02,/workspace/vintix_go2/ppo_cross_robot_ft_20260517/curves/ft_go1_to_go2_seed02.csv
ft_go1_to_go2_seed03,go1,go2,3,ok,/workspace/vintix_go2/ppo_cross_robot_ft_20260517/runs/ft_go1_to_go2_seed03,/workspace/vintix_go2/ppo_cross_robot_ft_20260517/curves/ft_go1_to_go2_seed03.csv
ft_go1_to_go2_seed04,go1,go2,4,ok,/workspace/vintix_go2/ppo_cross_robot_ft_20260517/runs/ft_go1_to_go2_seed04,/workspace/vintix_go2/ppo_cross_robot_ft_20260517/curves/ft_go1_to_go2_seed04.csv
ft_go1_to_go2_seed05,go1,go2,5,ok,/workspace/vintix_go2/ppo_cross_robot_ft_20260517/runs/ft_go1_to_go2_seed05,/workspace/vintix_go2/ppo_cross_robot_ft_20260517/curves/ft_go1_to_go2_seed05.csv
ft_go1_to_go2_seed06,go1,go2,6,ok,/workspace/vintix_go2/ppo_cross_robot_ft_20260517/runs/ft_go1_to_go2_seed06,/workspace/vintix_go2/ppo_cross_robot_ft_20260517/curves/ft_go1_to_go2_seed06.csv
ft_go1_to_go2_seed07,go1,go2,7,ok,/workspace/vintix_go2/ppo_cross_robot_ft_20260517/runs/ft_go1_to_go2_seed07,/workspace/vintix_go2/ppo_cross_robot_ft_20260517/curves/ft_go1_to_go2_seed07.csv
ft_go1_to_go2_seed08,go1,go2,8,ok,/workspace/vintix_go2/ppo_cross_robot_ft_20260517/runs/ft_go1_to_go2_seed08,/workspace/vintix_go2/ppo_cross_robot_ft_20260517/curves/ft_go1_to_go2_seed08.csv
ft_go1_to_go2_seed09,go1,go2,9,ok,/workspace/vintix_go2/ppo_cross_robot_ft_20260517/runs/ft_go1_to_go2_seed09,/workspace/vintix_go2/ppo_cross_robot_ft_20260517/curves/ft_go1_to_go2_seed09.csv
ft_go1_to_go2_seed10,go1,go2,10,ok,/workspace/vintix_go2/ppo_cross_robot_ft_20260517/runs/ft_go1_to_go2_seed10,/workspace/vintix_go2/ppo_cross_robot_ft_20260517/curves/ft_go1_to_go2_seed10.csv
ft_go1_to_a1_seed01,go1,a1,1,ok,/workspace/vintix_go2/ppo_cross_robot_ft_20260517/runs/ft_go1_to_a1_seed01,/workspace/vintix_go2/ppo_cross_robot_ft_20260517/curves/ft_go1_to_a1_seed01.csv
ft_go1_to_a1_seed02,go1,a1,2,ok,/workspace/vintix_go2/ppo_cross_robot_ft_20260517/runs/ft_go1_to_a1_seed02,/workspace/vintix_go2/ppo_cross_robot_ft_20260517/curves/ft_go1_to_a1_seed02.csv
ft_go1_to_a1_seed03,go1,a1,3,ok,/workspace/vintix_go2/ppo_cross_robot_ft_20260517/runs/ft_go1_to_a1_seed03,/workspace/vintix_go2/ppo_cross_robot_ft_20260517/curves/ft_go1_to_a1_seed03.csv
ft_go1_to_a1_seed04,go1,a1,4,ok,/workspace/vintix_go2/ppo_cross_robot_ft_20260517/runs/ft_go1_to_a1_seed04,/workspace/vintix_go2/ppo_cross_robot_ft_20260517/curves/ft_go1_to_a1_seed04.csv
ft_go1_to_a1_seed05,go1,a1,5,ok,/workspace/vintix_go2/ppo_cross_robot_ft_20260517/runs/ft_go1_to_a1_seed05,/workspace/vintix_go2/ppo_cross_robot_ft_20260517/curves/ft_go1_to_a1_seed05.csv
ft_go1_to_a1_seed06,go1,a1,6,ok,/workspace/vintix_go2/ppo_cross_robot_ft_20260517/runs/ft_go1_to_a1_seed06,/workspace/vintix_go2/ppo_cross_robot_ft_20260517/curves/ft_go1_to_a1_seed06.csv
ft_go1_to_a1_seed07,go1,a1,7,ok,/workspace/vintix_go2/ppo_cross_robot_ft_20260517/runs/ft_go1_to_a1_seed07,/workspace/vintix_go2/ppo_cross_robot_ft_20260517/curves/ft_go1_to_a1_seed07.csv
ft_go1_to_a1_seed08,go1,a1,8,ok,/workspace/vintix_go2/ppo_cross_robot_ft_20260517/runs/ft_go1_to_a1_seed08,/workspace/vintix_go2/ppo_cross_robot_ft_20260517/curves/ft_go1_to_a1_seed08.csv
ft_go1_to_a1_seed09,go1,a1,9,ok,/workspace/vintix_go2/ppo_cross_robot_ft_20260517/runs/ft_go1_to_a1_seed09,/workspace/vintix_go2/ppo_cross_robot_ft_20260517/curves/ft_go1_to_a1_seed09.csv
ft_go1_to_a1_seed10,go1,a1,10,ok,/workspace/vintix_go2/ppo_cross_robot_ft_20260517/runs/ft_go1_to_a1_seed10,/workspace/vintix_go2/ppo_cross_robot_ft_20260517/curves/ft_go1_to_a1_seed10.csv
ft_go1_to_minicheetah_seed01,go1,minicheetah,1,ok,/workspace/vintix_go2/ppo_cross_robot_ft_20260517/runs/ft_go1_to_minicheetah_seed01,/workspace/vintix_go2/ppo_cross_robot_ft_20260517/curves/ft_go1_to_minicheetah_seed01.csv
ft_go1_to_minicheetah_seed02,go1,minicheetah,2,ok,/workspace/vintix_go2/ppo_cross_robot_ft_20260517/runs/ft_go1_to_minicheetah_seed02,/workspace/vintix_go2/ppo_cross_robot_ft_20260517/curves/ft_go1_to_minicheetah_seed02.csv
ft_go1_to_minicheetah_seed03,go1,minicheetah,3,ok,/workspace/vintix_go2/ppo_cross_robot_ft_20260517/runs/ft_go1_to_minicheetah_seed03,/workspace/vintix_go2/ppo_cross_robot_ft_20260517/curves/ft_go1_to_minicheetah_seed03.csv
ft_go1_to_minicheetah_seed04,go1,minicheetah,4,ok,/workspace/vintix_go2/ppo_cross_robot_ft_20260517/runs/ft_go1_to_minicheetah_seed04,/workspace/vintix_go2/ppo_cross_robot_ft_20260517/curves/ft_go1_to_minicheetah_seed04.csv
ft_go1_to_minicheetah_seed05,go1,minicheetah,5,ok,/workspace/vintix_go2/ppo_cross_robot_ft_20260517/runs/ft_go1_to_minicheetah_seed05,/workspace/vintix_go2/ppo_cross_robot_ft_20260517/curves/ft_go1_to_minicheetah_seed05.csv
ft_go1_to_minicheetah_seed06,go1,minicheetah,6,ok,/workspace/vintix_go2/ppo_cross_robot_ft_20260517/runs/ft_go1_to_minicheetah_seed06,/workspace/vintix_go2/ppo_cross_robot_ft_20260517/curves/ft_go1_to_minicheetah_seed06.csv
ft_go1_to_minicheetah_seed07,go1,minicheetah,7,ok,/workspace/vintix_go2/ppo_cross_robot_ft_20260517/runs/ft_go1_to_minicheetah_seed07,/workspace/vintix_go2/ppo_cross_robot_ft_20260517/curves/ft_go1_to_minicheetah_seed07.csv
ft_go1_to_minicheetah_seed08,go1,minicheetah,8,ok,/workspace/vintix_go2/ppo_cross_robot_ft_20260517/runs/ft_go1_to_minicheetah_seed08,/workspace/vintix_go2/ppo_cross_robot_ft_20260517/curves/ft_go1_to_minicheetah_seed08.csv
ft_go1_to_minicheetah_seed09,go1,minicheetah,9,ok,/workspace/vintix_go2/ppo_cross_robot_ft_20260517/runs/ft_go1_to_minicheetah_seed09,/workspace/vintix_go2/ppo_cross_robot_ft_20260517/curves/ft_go1_to_minicheetah_seed09.csv
ft_go1_to_minicheetah_seed10,go1,minicheetah,10,ok,/workspace/vintix_go2/ppo_cross_robot_ft_20260517/runs/ft_go1_to_minicheetah_seed10,/workspace/vintix_go2/ppo_cross_robot_ft_20260517/curves/ft_go1_to_minicheetah_seed10.csv
ft_go2_to_go1_seed01,go2,go1,1,ok,/workspace/vintix_go2/ppo_cross_robot_ft_20260517/runs/ft_go2_to_go1_seed01,/workspace/vintix_go2/ppo_cross_robot_ft_20260517/curves/ft_go2_to_go1_seed01.csv
ft_go2_to_go1_seed02,go2,go1,2,ok,/workspace/vintix_go2/ppo_cross_robot_ft_20260517/runs/ft_go2_to_go1_seed02,/workspace/vintix_go2/ppo_cross_robot_ft_20260517/curves/ft_go2_to_go1_seed02.csv
ft_go2_to_go1_seed03,go2,go1,3,ok,/workspace/vintix_go2/ppo_cross_robot_ft_20260517/runs/ft_go2_to_go1_seed03,/workspace/vintix_go2/ppo_cross_robot_ft_20260517/curves/ft_go2_to_go1_seed03.csv
ft_go2_to_go1_seed04,go2,go1,4,ok,/workspace/vintix_go2/ppo_cross_robot_ft_20260517/runs/ft_go2_to_go1_seed04,/workspace/vintix_go2/ppo_cross_robot_ft_20260517/curves/ft_go2_to_go1_seed04.csv
ft_go2_to_go1_seed05,go2,go1,5,ok,/workspace/vintix_go2/ppo_cross_robot_ft_20260517/runs/ft_go2_to_go1_seed05,/workspace/vintix_go2/ppo_cross_robot_ft_20260517/curves/ft_go2_to_go1_seed05.csv
ft_go2_to_go1_seed06,go2,go1,6,ok,/workspace/vintix_go2/ppo_cross_robot_ft_20260517/runs/ft_go2_to_go1_seed06,/workspace/vintix_go2/ppo_cross_robot_ft_20260517/curves/ft_go2_to_go1_seed06.csv
ft_go2_to_go1_seed07,go2,go1,7,ok,/workspace/vintix_go2/ppo_cross_robot_ft_20260517/runs/ft_go2_to_go1_seed07,/workspace/vintix_go2/ppo_cross_robot_ft_20260517/curves/ft_go2_to_go1_seed07.csv
ft_go2_to_go1_seed08,go2,go1,8,ok,/workspace/vintix_go2/ppo_cross_robot_ft_20260517/runs/ft_go2_to_go1_seed08,/workspace/vintix_go2/ppo_cross_robot_ft_20260517/curves/ft_go2_to_go1_seed08.csv
ft_go2_to_go1_seed09,go2,go1,9,ok,/workspace/vintix_go2/ppo_cross_robot_ft_20260517/runs/ft_go2_to_go1_seed09,/workspace/vintix_go2/ppo_cross_robot_ft_20260517/curves/ft_go2_to_go1_seed09.csv
ft_go2_to_go1_seed10,go2,go1,10,ok,/workspace/vintix_go2/ppo_cross_robot_ft_20260517/runs/ft_go2_to_go1_seed10,/workspace/vintix_go2/ppo_cross_robot_ft_20260517/curves/ft_go2_to_go1_seed10.csv
ft_go2_to_a1_seed01,go2,a1,1,ok,/workspace/vintix_go2/ppo_cross_robot_ft_20260517/runs/ft_go2_to_a1_seed01,/workspace/vintix_go2/ppo_cross_robot_ft_20260517/curves/ft_go2_to_a1_seed01.csv
ft_go2_to_a1_seed02,go2,a1,2,ok,/workspace/vintix_go2/ppo_cross_robot_ft_20260517/runs/ft_go2_to_a1_seed02,/workspace/vintix_go2/ppo_cross_robot_ft_20260517/curves/ft_go2_to_a1_seed02.csv
ft_go2_to_a1_seed03,go2,a1,3,ok,/workspace/vintix_go2/ppo_cross_robot_ft_20260517/runs/ft_go2_to_a1_seed03,/workspace/vintix_go2/ppo_cross_robot_ft_20260517/curves/ft_go2_to_a1_seed03.csv
ft_go2_to_a1_seed04,go2,a1,4,ok,/workspace/vintix_go2/ppo_cross_robot_ft_20260517/runs/ft_go2_to_a1_seed04,/workspace/vintix_go2/ppo_cross_robot_ft_20260517/curves/ft_go2_to_a1_seed04.csv
ft_go2_to_a1_seed05,go2,a1,5,ok,/workspace/vintix_go2/ppo_cross_robot_ft_20260517/runs/ft_go2_to_a1_seed05,/workspace/vintix_go2/ppo_cross_robot_ft_20260517/curves/ft_go2_to_a1_seed05.csv
ft_go2_to_a1_seed06,go2,a1,6,ok,/workspace/vintix_go2/ppo_cross_robot_ft_20260517/runs/ft_go2_to_a1_seed06,/workspace/vintix_go2/ppo_cross_robot_ft_20260517/curves/ft_go2_to_a1_seed06.csv
ft_go2_to_a1_seed07,go2,a1,7,ok,/workspace/vintix_go2/ppo_cross_robot_ft_20260517/runs/ft_go2_to_a1_seed07,/workspace/vintix_go2/ppo_cross_robot_ft_20260517/curves/ft_go2_to_a1_seed07.csv
ft_go2_to_a1_seed08,go2,a1,8,ok,/workspace/vintix_go2/ppo_cross_robot_ft_20260517/runs/ft_go2_to_a1_seed08,/workspace/vintix_go2/ppo_cross_robot_ft_20260517/curves/ft_go2_to_a1_seed08.csv
ft_go2_to_a1_seed09,go2,a1,9,ok,/workspace/vintix_go2/ppo_cross_robot_ft_20260517/runs/ft_go2_to_a1_seed09,/workspace/vintix_go2/ppo_cross_robot_ft_20260517/curves/ft_go2_to_a1_seed09.csv
ft_go2_to_a1_seed10,go2,a1,10,ok,/workspace/vintix_go2/ppo_cross_robot_ft_20260517/runs/ft_go2_to_a1_seed10,/workspace/vintix_go2/ppo_cross_robot_ft_20260517/curves/ft_go2_to_a1_seed10.csv
ft_go2_to_minicheetah_seed01,go2,minicheetah,1,ok,/workspace/vintix_go2/ppo_cross_robot_ft_20260517/runs/ft_go2_to_minicheetah_seed01,/workspace/vintix_go2/ppo_cross_robot_ft_20260517/curves/ft_go2_to_minicheetah_seed01.csv
ft_go2_to_minicheetah_seed02,go2,minicheetah,2,ok,/workspace/vintix_go2/ppo_cross_robot_ft_20260517/runs/ft_go2_to_minicheetah_seed02,/workspace/vintix_go2/ppo_cross_robot_ft_20260517/curves/ft_go2_to_minicheetah_seed02.csv
ft_go2_to_minicheetah_seed03,go2,minicheetah,3,ok,/workspace/vintix_go2/ppo_cross_robot_ft_20260517/runs/ft_go2_to_minicheetah_seed03,/workspace/vintix_go2/ppo_cross_robot_ft_20260517/curves/ft_go2_to_minicheetah_seed03.csv
ft_go2_to_minicheetah_seed04,go2,minicheetah,4,ok,/workspace/vintix_go2/ppo_cross_robot_ft_20260517/runs/ft_go2_to_minicheetah_seed04,/workspace/vintix_go2/ppo_cross_robot_ft_20260517/curves/ft_go2_to_minicheetah_seed04.csv
ft_go2_to_minicheetah_seed05,go2,minicheetah,5,ok,/workspace/vintix_go2/ppo_cross_robot_ft_20260517/runs/ft_go2_to_minicheetah_seed05,/workspace/vintix_go2/ppo_cross_robot_ft_20260517/curves/ft_go2_to_minicheetah_seed05.csv
ft_go2_to_minicheetah_seed06,go2,minicheetah,6,ok,/workspace/vintix_go2/ppo_cross_robot_ft_20260517/runs/ft_go2_to_minicheetah_seed06,/workspace/vintix_go2/ppo_cross_robot_ft_20260517/curves/ft_go2_to_minicheetah_seed06.csv
ft_go2_to_minicheetah_seed07,go2,minicheetah,7,ok,/workspace/vintix_go2/ppo_cross_robot_ft_20260517/runs/ft_go2_to_minicheetah_seed07,/workspace/vintix_go2/ppo_cross_robot_ft_20260517/curves/ft_go2_to_minicheetah_seed07.csv
ft_go2_to_minicheetah_seed08,go2,minicheetah,8,ok,/workspace/vintix_go2/ppo_cross_robot_ft_20260517/runs/ft_go2_to_minicheetah_seed08,/workspace/vintix_go2/ppo_cross_robot_ft_20260517/curves/ft_go2_to_minicheetah_seed08.csv
ft_go2_to_minicheetah_seed09,go2,minicheetah,9,ok,/workspace/vintix_go2/ppo_cross_robot_ft_20260517/runs/ft_go2_to_minicheetah_seed09,/workspace/vintix_go2/ppo_cross_robot_ft_20260517/curves/ft_go2_to_minicheetah_seed09.csv
ft_go2_to_minicheetah_seed10,go2,minicheetah,10,ok,/workspace/vintix_go2/ppo_cross_robot_ft_20260517/runs/ft_go2_to_minicheetah_seed10,/workspace/vintix_go2/ppo_cross_robot_ft_20260517/curves/ft_go2_to_minicheetah_seed10.csv
ft_a1_to_go1_seed01,a1,go1,1,ok,/workspace/vintix_go2/ppo_cross_robot_ft_20260517/runs/ft_a1_to_go1_seed01,/workspace/vintix_go2/ppo_cross_robot_ft_20260517/curves/ft_a1_to_go1_seed01.csv
ft_a1_to_go1_seed02,a1,go1,2,ok,/workspace/vintix_go2/ppo_cross_robot_ft_20260517/runs/ft_a1_to_go1_seed02,/workspace/vintix_go2/ppo_cross_robot_ft_20260517/curves/ft_a1_to_go1_seed02.csv
ft_a1_to_go1_seed03,a1,go1,3,ok,/workspace/vintix_go2/ppo_cross_robot_ft_20260517/runs/ft_a1_to_go1_seed03,/workspace/vintix_go2/ppo_cross_robot_ft_20260517/curves/ft_a1_to_go1_seed03.csv
ft_a1_to_go1_seed04,a1,go1,4,ok,/workspace/vintix_go2/ppo_cross_robot_ft_20260517/runs/ft_a1_to_go1_seed04,/workspace/vintix_go2/ppo_cross_robot_ft_20260517/curves/ft_a1_to_go1_seed04.csv
ft_a1_to_go1_seed05,a1,go1,5,ok,/workspace/vintix_go2/ppo_cross_robot_ft_20260517/runs/ft_a1_to_go1_seed05,/workspace/vintix_go2/ppo_cross_robot_ft_20260517/curves/ft_a1_to_go1_seed05.csv
ft_a1_to_go1_seed06,a1,go1,6,ok,/workspace/vintix_go2/ppo_cross_robot_ft_20260517/runs/ft_a1_to_go1_seed06,/workspace/vintix_go2/ppo_cross_robot_ft_20260517/curves/ft_a1_to_go1_seed06.csv
ft_a1_to_go1_seed07,a1,go1,7,ok,/workspace/vintix_go2/ppo_cross_robot_ft_20260517/runs/ft_a1_to_go1_seed07,/workspace/vintix_go2/ppo_cross_robot_ft_20260517/curves/ft_a1_to_go1_seed07.csv
ft_a1_to_go1_seed08,a1,go1,8,ok,/workspace/vintix_go2/ppo_cross_robot_ft_20260517/runs/ft_a1_to_go1_seed08,/workspace/vintix_go2/ppo_cross_robot_ft_20260517/curves/ft_a1_to_go1_seed08.csv
ft_a1_to_go1_seed09,a1,go1,9,ok,/workspace/vintix_go2/ppo_cross_robot_ft_20260517/runs/ft_a1_to_go1_seed09,/workspace/vintix_go2/ppo_cross_robot_ft_20260517/curves/ft_a1_to_go1_seed09.csv
ft_a1_to_go1_seed10,a1,go1,10,ok,/workspace/vintix_go2/ppo_cross_robot_ft_20260517/runs/ft_a1_to_go1_seed10,/workspace/vintix_go2/ppo_cross_robot_ft_20260517/curves/ft_a1_to_go1_seed10.csv
ft_a1_to_go2_seed01,a1,go2,1,ok,/workspace/vintix_go2/ppo_cross_robot_ft_20260517/runs/ft_a1_to_go2_seed01,/workspace/vintix_go2/ppo_cross_robot_ft_20260517/curves/ft_a1_to_go2_seed01.csv
ft_a1_to_go2_seed02,a1,go2,2,ok,/workspace/vintix_go2/ppo_cross_robot_ft_20260517/runs/ft_a1_to_go2_seed02,/workspace/vintix_go2/ppo_cross_robot_ft_20260517/curves/ft_a1_to_go2_seed02.csv
ft_a1_to_go2_seed03,a1,go2,3,ok,/workspace/vintix_go2/ppo_cross_robot_ft_20260517/runs/ft_a1_to_go2_seed03,/workspace/vintix_go2/ppo_cross_robot_ft_20260517/curves/ft_a1_to_go2_seed03.csv
ft_a1_to_go2_seed04,a1,go2,4,ok,/workspace/vintix_go2/ppo_cross_robot_ft_20260517/runs/ft_a1_to_go2_seed04,/workspace/vintix_go2/ppo_cross_robot_ft_20260517/curves/ft_a1_to_go2_seed04.csv
ft_a1_to_go2_seed05,a1,go2,5,ok,/workspace/vintix_go2/ppo_cross_robot_ft_20260517/runs/ft_a1_to_go2_seed05,/workspace/vintix_go2/ppo_cross_robot_ft_20260517/curves/ft_a1_to_go2_seed05.csv
ft_a1_to_go2_seed06,a1,go2,6,ok,/workspace/vintix_go2/ppo_cross_robot_ft_20260517/runs/ft_a1_to_go2_seed06,/workspace/vintix_go2/ppo_cross_robot_ft_20260517/curves/ft_a1_to_go2_seed06.csv
ft_a1_to_go2_seed07,a1,go2,7,ok,/workspace/vintix_go2/ppo_cross_robot_ft_20260517/runs/ft_a1_to_go2_seed07,/workspace/vintix_go2/ppo_cross_robot_ft_20260517/curves/ft_a1_to_go2_seed07.csv
ft_a1_to_go2_seed08,a1,go2,8,ok,/workspace/vintix_go2/ppo_cross_robot_ft_20260517/runs/ft_a1_to_go2_seed08,/workspace/vintix_go2/ppo_cross_robot_ft_20260517/curves/ft_a1_to_go2_seed08.csv
ft_a1_to_go2_seed09,a1,go2,9,ok,/workspace/vintix_go2/ppo_cross_robot_ft_20260517/runs/ft_a1_to_go2_seed09,/workspace/vintix_go2/ppo_cross_robot_ft_20260517/curves/ft_a1_to_go2_seed09.csv
ft_a1_to_go2_seed10,a1,go2,10,ok,/workspace/vintix_go2/ppo_cross_robot_ft_20260517/runs/ft_a1_to_go2_seed10,/workspace/vintix_go2/ppo_cross_robot_ft_20260517/curves/ft_a1_to_go2_seed10.csv
ft_a1_to_minicheetah_seed01,a1,minicheetah,1,ok,/workspace/vintix_go2/ppo_cross_robot_ft_20260517/runs/ft_a1_to_minicheetah_seed01,/workspace/vintix_go2/ppo_cross_robot_ft_20260517/curves/ft_a1_to_minicheetah_seed01.csv
ft_a1_to_minicheetah_seed02,a1,minicheetah,2,ok,/workspace/vintix_go2/ppo_cross_robot_ft_20260517/runs/ft_a1_to_minicheetah_seed02,/workspace/vintix_go2/ppo_cross_robot_ft_20260517/curves/ft_a1_to_minicheetah_seed02.csv
ft_a1_to_minicheetah_seed03,a1,minicheetah,3,ok,/workspace/vintix_go2/ppo_cross_robot_ft_20260517/runs/ft_a1_to_minicheetah_seed03,/workspace/vintix_go2/ppo_cross_robot_ft_20260517/curves/ft_a1_to_minicheetah_seed03.csv
ft_a1_to_minicheetah_seed04,a1,minicheetah,4,ok,/workspace/vintix_go2/ppo_cross_robot_ft_20260517/runs/ft_a1_to_minicheetah_seed04,/workspace/vintix_go2/ppo_cross_robot_ft_20260517/curves/ft_a1_to_minicheetah_seed04.csv
ft_a1_to_minicheetah_seed05,a1,minicheetah,5,ok,/workspace/vintix_go2/ppo_cross_robot_ft_20260517/runs/ft_a1_to_minicheetah_seed05,/workspace/vintix_go2/ppo_cross_robot_ft_20260517/curves/ft_a1_to_minicheetah_seed05.csv
ft_a1_to_minicheetah_seed06,a1,minicheetah,6,ok,/workspace/vintix_go2/ppo_cross_robot_ft_20260517/runs/ft_a1_to_minicheetah_seed06,/workspace/vintix_go2/ppo_cross_robot_ft_20260517/curves/ft_a1_to_minicheetah_seed06.csv
ft_a1_to_minicheetah_seed07,a1,minicheetah,7,ok,/workspace/vintix_go2/ppo_cross_robot_ft_20260517/runs/ft_a1_to_minicheetah_seed07,/workspace/vintix_go2/ppo_cross_robot_ft_20260517/curves/ft_a1_to_minicheetah_seed07.csv
ft_a1_to_minicheetah_seed08,a1,minicheetah,8,ok,/workspace/vintix_go2/ppo_cross_robot_ft_20260517/runs/ft_a1_to_minicheetah_seed08,/workspace/vintix_go2/ppo_cross_robot_ft_20260517/curves/ft_a1_to_minicheetah_seed08.csv
ft_a1_to_minicheetah_seed09,a1,minicheetah,9,ok,/workspace/vintix_go2/ppo_cross_robot_ft_20260517/runs/ft_a1_to_minicheetah_seed09,/workspace/vintix_go2/ppo_cross_robot_ft_20260517/curves/ft_a1_to_minicheetah_seed09.csv
ft_a1_to_minicheetah_seed10,a1,minicheetah,10,ok,/workspace/vintix_go2/ppo_cross_robot_ft_20260517/runs/ft_a1_to_minicheetah_seed10,/workspace/vintix_go2/ppo_cross_robot_ft_20260517/curves/ft_a1_to_minicheetah_seed10.csv
ft_minicheetah_to_go1_seed01,minicheetah,go1,1,ok,/workspace/vintix_go2/ppo_cross_robot_ft_20260517/runs/ft_minicheetah_to_go1_seed01,/workspace/vintix_go2/ppo_cross_robot_ft_20260517/curves/ft_minicheetah_to_go1_seed01.csv
ft_minicheetah_to_go1_seed02,minicheetah,go1,2,ok,/workspace/vintix_go2/ppo_cross_robot_ft_20260517/runs/ft_minicheetah_to_go1_seed02,/workspace/vintix_go2/ppo_cross_robot_ft_20260517/curves/ft_minicheetah_to_go1_seed02.csv
ft_minicheetah_to_go1_seed03,minicheetah,go1,3,ok,/workspace/vintix_go2/ppo_cross_robot_ft_20260517/runs/ft_minicheetah_to_go1_seed03,/workspace/vintix_go2/ppo_cross_robot_ft_20260517/curves/ft_minicheetah_to_go1_seed03.csv
ft_minicheetah_to_go1_seed04,minicheetah,go1,4,ok,/workspace/vintix_go2/ppo_cross_robot_ft_20260517/runs/ft_minicheetah_to_go1_seed04,/workspace/vintix_go2/ppo_cross_robot_ft_20260517/curves/ft_minicheetah_to_go1_seed04.csv
ft_minicheetah_to_go1_seed05,minicheetah,go1,5,ok,/workspace/vintix_go2/ppo_cross_robot_ft_20260517/runs/ft_minicheetah_to_go1_seed05,/workspace/vintix_go2/ppo_cross_robot_ft_20260517/curves/ft_minicheetah_to_go1_seed05.csv
ft_minicheetah_to_go1_seed06,minicheetah,go1,6,ok,/workspace/vintix_go2/ppo_cross_robot_ft_20260517/runs/ft_minicheetah_to_go1_seed06,/workspace/vintix_go2/ppo_cross_robot_ft_20260517/curves/ft_minicheetah_to_go1_seed06.csv
ft_minicheetah_to_go1_seed07,minicheetah,go1,7,ok,/workspace/vintix_go2/ppo_cross_robot_ft_20260517/runs/ft_minicheetah_to_go1_seed07,/workspace/vintix_go2/ppo_cross_robot_ft_20260517/curves/ft_minicheetah_to_go1_seed07.csv
ft_minicheetah_to_go1_seed08,minicheetah,go1,8,ok,/workspace/vintix_go2/ppo_cross_robot_ft_20260517/runs/ft_minicheetah_to_go1_seed08,/workspace/vintix_go2/ppo_cross_robot_ft_20260517/curves/ft_minicheetah_to_go1_seed08.csv
ft_minicheetah_to_go1_seed09,minicheetah,go1,9,ok,/workspace/vintix_go2/ppo_cross_robot_ft_20260517/runs/ft_minicheetah_to_go1_seed09,/workspace/vintix_go2/ppo_cross_robot_ft_20260517/curves/ft_minicheetah_to_go1_seed09.csv
ft_minicheetah_to_go1_seed10,minicheetah,go1,10,ok,/workspace/vintix_go2/ppo_cross_robot_ft_20260517/runs/ft_minicheetah_to_go1_seed10,/workspace/vintix_go2/ppo_cross_robot_ft_20260517/curves/ft_minicheetah_to_go1_seed10.csv
ft_minicheetah_to_go2_seed01,minicheetah,go2,1,ok,/workspace/vintix_go2/ppo_cross_robot_ft_20260517/runs/ft_minicheetah_to_go2_seed01,/workspace/vintix_go2/ppo_cross_robot_ft_20260517/curves/ft_minicheetah_to_go2_seed01.csv
ft_minicheetah_to_go2_seed02,minicheetah,go2,2,ok,/workspace/vintix_go2/ppo_cross_robot_ft_20260517/runs/ft_minicheetah_to_go2_seed02,/workspace/vintix_go2/ppo_cross_robot_ft_20260517/curves/ft_minicheetah_to_go2_seed02.csv
ft_minicheetah_to_go2_seed03,minicheetah,go2,3,ok,/workspace/vintix_go2/ppo_cross_robot_ft_20260517/runs/ft_minicheetah_to_go2_seed03,/workspace/vintix_go2/ppo_cross_robot_ft_20260517/curves/ft_minicheetah_to_go2_seed03.csv
ft_minicheetah_to_go2_seed04,minicheetah,go2,4,ok,/workspace/vintix_go2/ppo_cross_robot_ft_20260517/runs/ft_minicheetah_to_go2_seed04,/workspace/vintix_go2/ppo_cross_robot_ft_20260517/curves/ft_minicheetah_to_go2_seed04.csv
ft_minicheetah_to_go2_seed05,minicheetah,go2,5,ok,/workspace/vintix_go2/ppo_cross_robot_ft_20260517/runs/ft_minicheetah_to_go2_seed05,/workspace/vintix_go2/ppo_cross_robot_ft_20260517/curves/ft_minicheetah_to_go2_seed05.csv
ft_minicheetah_to_go2_seed06,minicheetah,go2,6,ok,/workspace/vintix_go2/ppo_cross_robot_ft_20260517/runs/ft_minicheetah_to_go2_seed06,/workspace/vintix_go2/ppo_cross_robot_ft_20260517/curves/ft_minicheetah_to_go2_seed06.csv
ft_minicheetah_to_go2_seed07,minicheetah,go2,7,ok,/workspace/vintix_go2/ppo_cross_robot_ft_20260517/runs/ft_minicheetah_to_go2_seed07,/workspace/vintix_go2/ppo_cross_robot_ft_20260517/curves/ft_minicheetah_to_go2_seed07.csv
ft_minicheetah_to_go2_seed08,minicheetah,go2,8,ok,/workspace/vintix_go2/ppo_cross_robot_ft_20260517/runs/ft_minicheetah_to_go2_seed08,/workspace/vintix_go2/ppo_cross_robot_ft_20260517/curves/ft_minicheetah_to_go2_seed08.csv
ft_minicheetah_to_go2_seed09,minicheetah,go2,9,ok,/workspace/vintix_go2/ppo_cross_robot_ft_20260517/runs/ft_minicheetah_to_go2_seed09,/workspace/vintix_go2/ppo_cross_robot_ft_20260517/curves/ft_minicheetah_to_go2_seed09.csv
ft_minicheetah_to_go2_seed10,minicheetah,go2,10,ok,/workspace/vintix_go2/ppo_cross_robot_ft_20260517/runs/ft_minicheetah_to_go2_seed10,/workspace/vintix_go2/ppo_cross_robot_ft_20260517/curves/ft_minicheetah_to_go2_seed10.csv
ft_minicheetah_to_a1_seed01,minicheetah,a1,1,ok,/workspace/vintix_go2/ppo_cross_robot_ft_20260517/runs/ft_minicheetah_to_a1_seed01,/workspace/vintix_go2/ppo_cross_robot_ft_20260517/curves/ft_minicheetah_to_a1_seed01.csv
ft_minicheetah_to_a1_seed02,minicheetah,a1,2,ok,/workspace/vintix_go2/ppo_cross_robot_ft_20260517/runs/ft_minicheetah_to_a1_seed02,/workspace/vintix_go2/ppo_cross_robot_ft_20260517/curves/ft_minicheetah_to_a1_seed02.csv
ft_minicheetah_to_a1_seed03,minicheetah,a1,3,ok,/workspace/vintix_go2/ppo_cross_robot_ft_20260517/runs/ft_minicheetah_to_a1_seed03,/workspace/vintix_go2/ppo_cross_robot_ft_20260517/curves/ft_minicheetah_to_a1_seed03.csv
ft_minicheetah_to_a1_seed04,minicheetah,a1,4,ok,/workspace/vintix_go2/ppo_cross_robot_ft_20260517/runs/ft_minicheetah_to_a1_seed04,/workspace/vintix_go2/ppo_cross_robot_ft_20260517/curves/ft_minicheetah_to_a1_seed04.csv
ft_minicheetah_to_a1_seed05,minicheetah,a1,5,ok,/workspace/vintix_go2/ppo_cross_robot_ft_20260517/runs/ft_minicheetah_to_a1_seed05,/workspace/vintix_go2/ppo_cross_robot_ft_20260517/curves/ft_minicheetah_to_a1_seed05.csv
ft_minicheetah_to_a1_seed06,minicheetah,a1,6,ok,/workspace/vintix_go2/ppo_cross_robot_ft_20260517/runs/ft_minicheetah_to_a1_seed06,/workspace/vintix_go2/ppo_cross_robot_ft_20260517/curves/ft_minicheetah_to_a1_seed06.csv
ft_minicheetah_to_a1_seed07,minicheetah,a1,7,ok,/workspace/vintix_go2/ppo_cross_robot_ft_20260517/runs/ft_minicheetah_to_a1_seed07,/workspace/vintix_go2/ppo_cross_robot_ft_20260517/curves/ft_minicheetah_to_a1_seed07.csv
ft_minicheetah_to_a1_seed08,minicheetah,a1,8,ok,/workspace/vintix_go2/ppo_cross_robot_ft_20260517/runs/ft_minicheetah_to_a1_seed08,/workspace/vintix_go2/ppo_cross_robot_ft_20260517/curves/ft_minicheetah_to_a1_seed08.csv
ft_minicheetah_to_a1_seed09,minicheetah,a1,9,ok,/workspace/vintix_go2/ppo_cross_robot_ft_20260517/runs/ft_minicheetah_to_a1_seed09,/workspace/vintix_go2/ppo_cross_robot_ft_20260517/curves/ft_minicheetah_to_a1_seed09.csv
ft_minicheetah_to_a1_seed10,minicheetah,a1,10,ok,/workspace/vintix_go2/ppo_cross_robot_ft_20260517/runs/ft_minicheetah_to_a1_seed10,/workspace/vintix_go2/ppo_cross_robot_ft_20260517/curves/ft_minicheetah_to_a1_seed10.csv
